product_id,category,price,old_name,user_id,status,amount,base_price,region,priority
1001,Electronics,72.28,Bat,53.0,Completed,2000,68.51,North,High
1002,Electronics,84.20,Novel,288.0,Completed,1501,80.67,South,Low
1003,Sports,558.90,Gloves,,Completed,1407,499.98,East,Medium
1004,Furniture,2393.46,Chair,50.0,Completed,3212,2242.5,North,Medium
1005,Groceries,2019.75,Sugar,194.0,Cancelled,1122,1762.52,North,High
1006,Clothing,1447.61,Jacket,149.0,Completed,1966,1268.82,North,High
1007,Electronics,702.15,Tablet,190.0,Pending,1432,622.95,East,High
1008,Sports,1757.53,Helmet,274.0,Completed,1501,1546.16,South,High
1009,Books,682.17,Textbook,113.0,Cancelled,4662,575.63,East,High
1010,Furniture,2014.56,Table,291.0,Completed,1828,1864.93,East,High
1011,Sports,995.12,Gloves,136.0,Pending,1270,841.25,South,High
1012,Sports,1870.06,Helmet,186.0,Cancelled,3371,1722.47,South,High
1013,Groceries,236.36,Milk,82.0,Completed,1352,234.15,West,Low
1014,Electronics,960.23,Tablet,284.0,Cancelled,2159,800.71,North,Low
1015,Sports,1707.46,Bat,58.0,Pending,2886,1541.87,East,Medium
1016,Furniture,18.08,Desk,257.0,Cancelled,2257,15.8,South,Low
1017,Electronics,2105.76,Mouse,192.0,Completed,1352,1911.66,South,Low
1018,Groceries,1501.37,Rice,158.0,Completed,3073,1367.72,South,High
1019,Furniture,223.28,Table,65.0,Completed,4463,203.5,South,Low
1020,Books,421.17,Magazine,109.0,Cancelled,3566,380.96,South,Low
1021,Clothing,2487.92,Shoes,232.0,Pending,4339,2201.75,North,High
1022,Furniture,851.83,Table,113.0,Completed,4920,762.15,North,High
1023,Sports,580.07,Bat,264.0,Pending,680,491.13,South,Medium
1024,Sports,543.45,Gloves,243.0,Cancelled,4820,529.44,South,Medium
1025,Books,244.87,Novel,211.0,Pending,3569,216.36,West,Low
1026,Electronics,160.93,Laptop,99.0,Completed,2136,140.47,South,Low
1027,Books,1060.49,Novel,227.0,Completed,717,1004.53,North,High
1028,Sports,2422.80,Bat,209.0,Completed,1462,2044.09,West,Medium
1029,Furniture,2257.08,Desk,136.0,Completed,3298,2185.13,West,Medium
1030,Books,2393.72,Magazine,80.0,Cancelled,4086,1996.29,South,Medium
1031,Furniture,1452.16,Table,30.0,Cancelled,2669,1310.09,North,Low
1032,Books,2299.27,Magazine,42.0,Completed,4260,2078.48,South,High
1033,Groceries,1691.28,Rice,127.0,Completed,4766,1615.3,North,Low
1034,Electronics,1646.86,Tablet,105.0,Pending,2236,1479.6,East,High
1035,Clothing,335.89,Shoes,38.0,Pending,2690,297.48,North,Medium
1036,Groceries,192.42,Rice,179.0,Pending,1185,184.55,North,High
1037,Clothing,402.79,Jacket,271.0,Cancelled,2578,345.22,North,Low
1038,Groceries,2330.07,Sugar,60.0,Completed,2266,2282.78,North,Low
1039,Groceries,688.15,Oil,105.0,Cancelled,2908,613.89,East,Low
1040,Books,2264.29,Textbook,142.0,Completed,3569,1936.58,North,High
1041,Clothing,1596.41,Jeans,283.0,Cancelled,3719,1516.94,West,Low
1042,Electronics,197.36,Laptop,19.0,Completed,4569,167.73,East,Low
1043,Groceries,1080.17,Oil,184.0,Pending,426,1071.21,South,Low
1044,Furniture,890.66,Table,122.0,Pending,1366,800.97,South,High
1045,Books,456.61,Novel,137.0,Pending,2132,385.36,South,Low
1046,Electronics,2181.70,Tablet,236.0,Completed,1734,1861.97,East,Medium
1047,Furniture,68.92,Chair,36.0,Pending,2382,66.36,East,Medium
1048,Sports,1702.00,Gloves,60.0,Pending,326,1456.28,East,High
1049,Groceries,105.26,Sugar,224.0,Pending,2669,94.04,North,Medium
1050,Groceries,644.26,Oil,,Completed,4359,564.27,South,Medium
1051,Books,2372.70,Novel,64.0,Cancelled,2671,2003.71,East,Low
1052,Clothing,822.20,Shoes,99.0,Cancelled,1142,721.58,West,Low
1053,Books,1872.86,Magazine,208.0,Cancelled,2565,1809.87,North,Medium
1054,Clothing,1080.42,Jeans,239.0,Cancelled,2739,968.12,West,Medium
1055,Sports,1282.82,Ball,44.0,Cancelled,1490,1107.08,East,Low
1056,Sports,242.53,Helmet,116.0,Completed,2642,203.74,South,High
1057,Electronics,619.66,Phone,213.0,Completed,3830,565.89,South,Low
1058,Sports,1241.00,Gloves,55.0,Cancelled,145,1183.26,West,High
1059,Furniture,135.04,Desk,69.0,Completed,3839,128.63,West,Low
1060,Groceries,2375.60,Sugar,219.0,Cancelled,4235,2016.15,West,High
1061,Sports,1130.67,Gloves,267.0,Cancelled,2371,982.89,West,Low
1062,Furniture,1105.28,Sofa,172.0,Completed,2325,967.25,East,Low
1063,Electronics,385.57,Monitor,33.0,Completed,1852,358.13,West,Medium
1064,Clothing,1045.28,Shoes,300.0,Pending,3290,1003.76,North,Low
1065,Books,24.68,Textbook,276.0,Pending,3532,23.06,South,Medium
1066,Furniture,1095.23,Sofa,85.0,Pending,3412,1088.91,West,High
1067,Groceries,2268.25,Rice,43.0,Cancelled,322,2028.16,West,High
1068,Books,135.21,Novel,168.0,Completed,3824,125.68,East,Medium
1069,Clothing,638.16,Shoes,27.0,Completed,4518,627.87,East,High
1070,Sports,1955.27,Bat,103.0,Completed,2125,1729.79,North,Low
1071,Furniture,324.29,Chair,239.0,Cancelled,1885,286.0,East,Medium
1072,Furniture,1946.70,Table,297.0,Pending,985,1884.96,North,Medium
1073,Groceries,997.67,Milk,125.0,Completed,4950,872.85,North,Low
1074,Clothing,1992.61,Shirt,273.0,Completed,2944,1790.01,West,Low
1075,Clothing,1269.84,Shirt,55.0,Pending,4115,1188.71,West,Medium
1076,Sports,1771.20,Gloves,139.0,Cancelled,4374,1629.29,West,Medium
1077,Books,1485.26,Magazine,143.0,Completed,809,1395.32,West,High
1078,Books,1529.73,Magazine,167.0,Completed,4149,1421.95,South,Medium
1079,Furniture,1996.60,Sofa,285.0,Cancelled,2363,1869.36,North,Low
1080,Furniture,610.98,Table,244.0,Cancelled,2068,565.05,West,Medium
1081,Electronics,742.65,Laptop,298.0,Completed,2608,687.08,East,Medium
1082,Groceries,1069.50,Sugar,233.0,Pending,2982,930.66,East,Medium
1083,Clothing,310.43,Jeans,95.0,Completed,4489,298.92,South,High
1084,Sports,698.48,Gloves,145.0,Cancelled,4988,624.8,North,High
1085,Clothing,908.59,Jeans,65.0,Cancelled,4475,856.79,East,High
1086,Electronics,1746.57,Mouse,7.0,Pending,940,1703.55,East,Medium
1087,Books,858.36,Textbook,59.0,Pending,4013,719.44,North,Medium
1088,Books,1446.78,Novel,289.0,Completed,1322,1272.13,East,High
1089,Furniture,1399.60,Table,268.0,Cancelled,1948,1292.06,West,Medium
1090,Books,2151.81,Textbook,31.0,Pending,4758,1796.16,North,High
1091,Sports,668.97,Ball,283.0,Completed,1523,658.28,North,High
1092,Electronics,1131.75,Tablet,119.0,Pending,367,1011.61,East,Low
1093,Clothing,187.24,Shoes,102.0,Pending,4931,178.89,West,High
1094,Groceries,1622.61,Oil,31.0,Completed,684,1373.14,South,Medium
1095,Groceries,1103.49,Sugar,140.0,Pending,3397,1008.91,West,Medium
1096,Electronics,2224.66,Phone,14.0,Cancelled,2151,1939.7,North,High
1097,Sports,2498.94,Bat,21.0,Pending,4820,2202.76,South,Medium
1098,Groceries,2291.02,Milk,252.0,Cancelled,3670,2210.77,North,Medium
1099,Clothing,839.94,Shoes,211.0,Completed,2801,740.67,West,Medium
1100,Sports,2035.78,Gloves,,Pending,821,1834.0,East,Medium
1101,Clothing,2425.76,Shirt,278.0,Cancelled,109,2244.34,West,Medium
1102,Electronics,1300.91,Keyboard,27.0,Pending,3721,1156.85,South,Medium
1103,Groceries,2319.91,Oil,63.0,Cancelled,4070,2133.01,North,Low
1104,Groceries,1777.36,Oil,209.0,Completed,4624,1673.36,North,High
1105,Electronics,2368.18,Camera,150.0,Completed,4182,2096.58,East,Medium
1106,Books,616.89,Textbook,261.0,Pending,1661,555.63,South,High
1107,Clothing,856.29,Shoes,145.0,Pending,121,739.75,East,Low
1108,Groceries,2164.50,Milk,171.0,Pending,2927,1987.04,West,Medium
1109,Clothing,2452.13,Jeans,211.0,Pending,2013,2340.35,North,Medium
1110,Sports,1766.02,Gloves,254.0,Pending,1346,1519.44,North,High
1111,Groceries,2175.55,Sugar,270.0,Pending,916,1851.79,West,High
1112,Sports,1030.85,Ball,241.0,Completed,712,911.49,East,Medium
1113,Groceries,1628.09,Milk,195.0,Cancelled,4471,1391.11,East,Low
1114,Sports,2182.23,Gloves,148.0,Completed,2023,2166.67,South,Low
1115,Electronics,2446.06,Tablet,228.0,Cancelled,923,2123.18,South,Low
1116,Clothing,124.52,Shirt,192.0,Pending,3036,107.42,West,High
1117,Furniture,1419.16,Desk,41.0,Completed,1534,1224.99,West,Low
1118,Sports,1249.19,Ball,131.0,Completed,3877,1118.71,West,Medium
1119,Sports,2248.28,Bat,81.0,Pending,4577,2056.89,North,Medium
1120,Clothing,1600.96,Jacket,155.0,Pending,3842,1475.73,South,Medium
1121,Books,600.64,Novel,152.0,Cancelled,2523,538.99,North,Low
1122,Books,30.16,Textbook,255.0,Cancelled,501,25.71,East,High
1123,Groceries,555.32,Sugar,50.0,Pending,1220,534.98,North,Medium
1124,Books,1453.14,Novel,168.0,Completed,2517,1267.49,West,High
1125,Furniture,1968.42,Chair,257.0,Pending,4448,1674.83,East,High
1126,Clothing,2418.79,Shoes,240.0,Pending,1043,2283.97,North,High
1127,Furniture,2418.50,Desk,203.0,Pending,839,2083.27,North,Medium
1128,Groceries,1142.42,Rice,300.0,Cancelled,2247,1006.92,West,Low
1129,Clothing,1690.34,Shirt,168.0,Cancelled,4699,1544.68,South,Low
1130,Electronics,2274.38,Camera,72.0,Pending,1055,2144.76,North,High
1131,Clothing,299.14,Shoes,199.0,Cancelled,1211,285.72,West,Medium
1132,Sports,1472.48,Gloves,251.0,Pending,911,1285.65,West,Medium
1133,Electronics,551.00,Headphones,51.0,Completed,3071,506.0,East,Low
1134,Sports,160.77,Helmet,47.0,Completed,3825,152.36,South,Low
1135,Sports,135.94,Bat,106.0,Completed,4725,127.44,North,Low
1136,Furniture,2034.50,Chair,2.0,Completed,4982,1943.91,East,High
1137,Furniture,1998.30,Sofa,8.0,Completed,1179,1955.31,East,High
1138,Groceries,49.29,Sugar,270.0,Completed,3548,46.81,North,Low
1139,Electronics,1126.21,Camera,232.0,Cancelled,993,1050.17,South,Low
1140,Electronics,1150.53,Mouse,206.0,Completed,4023,964.56,West,Low
1141,Electronics,1783.88,Camera,76.0,Completed,2738,1638.52,North,High
1142,Clothing,958.45,Jacket,259.0,Pending,3816,856.16,West,High
1143,Sports,2133.45,Bat,221.0,Cancelled,1861,1887.7,West,High
1144,Books,2070.27,Textbook,161.0,Cancelled,878,1917.37,West,Medium
1145,Sports,942.01,Helmet,47.0,Pending,649,914.1,North,High
1146,Books,1864.03,Novel,31.0,Completed,4657,1734.74,East,Low
1147,Electronics,890.46,Tablet,148.0,Pending,521,785.88,East,Medium
1148,Electronics,395.28,Keyboard,285.0,Completed,2968,360.51,East,High
1149,Clothing,2019.98,Jeans,14.0,Cancelled,4660,1727.91,East,High
1150,Furniture,1759.72,Sofa,,Pending,2975,1657.3,North,High
1151,Furniture,183.27,Desk,272.0,Completed,851,159.62,South,Medium
1152,Books,858.83,Textbook,291.0,Cancelled,2757,799.65,North,High
1153,Furniture,1888.55,Chair,227.0,Completed,2329,1869.94,West,Medium
1154,Groceries,1041.32,Milk,177.0,Cancelled,1032,998.28,West,High
1155,Clothing,1322.07,Shoes,29.0,Completed,3337,1245.26,North,High
1156,Clothing,1920.70,Jeans,62.0,Pending,2787,1666.07,North,Medium
1157,Sports,447.48,Gloves,257.0,Cancelled,1985,415.86,East,High
1158,Books,115.33,Magazine,295.0,Completed,2664,114.9,West,Low
1159,Books,1603.95,Magazine,167.0,Pending,270,1516.16,South,Low
1160,Books,2300.23,Magazine,224.0,Completed,2093,2260.39,West,Low
1161,Electronics,2177.61,Tablet,87.0,Completed,2828,1894.96,North,Low
1162,Sports,1331.21,Bat,76.0,Pending,2976,1281.51,South,High
1163,Furniture,501.21,Sofa,91.0,Cancelled,717,447.32,West,Medium
1164,Groceries,1706.02,Milk,162.0,Cancelled,2747,1450.19,South,Medium
1165,Electronics,1111.10,Camera,29.0,Pending,4944,1047.65,East,Low
1166,Electronics,1159.74,Mouse,40.0,Pending,2451,1151.08,North,Low
1167,Groceries,1162.15,Milk,231.0,Cancelled,436,1046.17,South,Medium
1168,Groceries,1258.40,Milk,176.0,Pending,947,1056.11,North,Low
1169,Sports,107.46,Ball,268.0,Pending,4393,94.14,South,Medium
1170,Clothing,974.67,Jacket,27.0,Cancelled,4997,843.95,East,High
1171,Clothing,1399.33,Shirt,171.0,Pending,1331,1298.91,North,Low
1172,Sports,2292.70,Ball,67.0,Cancelled,3310,2158.76,North,Medium
1173,Groceries,1612.30,Milk,48.0,Completed,4412,1512.91,West,Low
1174,Clothing,912.87,Shirt,249.0,Completed,2899,881.1,South,High
1175,Furniture,202.14,Chair,277.0,Completed,4258,172.93,North,Low
1176,Clothing,1497.14,Jeans,225.0,Completed,1456,1452.33,North,Medium
1177,Clothing,2424.28,Jeans,120.0,Cancelled,3777,2160.45,South,Medium
1178,Books,925.92,Novel,145.0,Pending,3882,778.46,West,Low
1179,Groceries,2416.01,Milk,129.0,Cancelled,1233,2076.72,North,Low
1180,Books,1390.81,Textbook,146.0,Cancelled,1121,1362.85,North,High
1181,Clothing,2264.21,Shoes,114.0,Pending,851,2199.39,West,Medium
1182,Electronics,142.61,Tablet,42.0,Completed,3263,129.6,East,High
1183,Electronics,2327.76,Headphones,75.0,Cancelled,2846,1993.23,South,High
1184,Clothing,1743.22,Shoes,230.0,Cancelled,3942,1696.14,North,High
1185,Electronics,546.98,Mouse,217.0,Cancelled,4423,531.1,North,Medium
1186,Furniture,313.40,Sofa,33.0,Cancelled,3844,299.13,North,Medium
1187,Groceries,1583.57,Rice,150.0,Cancelled,1276,1420.23,West,High
1188,Groceries,609.00,Sugar,269.0,Cancelled,801,562.16,East,High
1189,Groceries,982.23,Rice,192.0,Cancelled,3269,897.81,East,Low
1190,Electronics,1973.41,Headphones,298.0,Cancelled,949,1846.1,East,High
1191,Electronics,1369.57,Headphones,246.0,Completed,3906,1177.92,South,High
1192,Electronics,102.09,Camera,162.0,Completed,443,98.13,East,Low
1193,Books,1188.77,Magazine,147.0,Cancelled,1665,1180.13,East,High
1194,Sports,690.31,Helmet,226.0,Pending,3376,595.16,West,Medium
1195,Furniture,1733.25,Desk,43.0,Cancelled,2284,1614.62,West,High
1196,Books,2487.79,Magazine,53.0,Pending,2731,2401.13,North,Medium
1197,Sports,773.17,Helmet,228.0,Pending,1465,690.01,East,Medium
1198,Electronics,1540.98,Headphones,39.0,Cancelled,569,1417.66,West,Medium
1199,Groceries,2382.45,Oil,18.0,Cancelled,3689,2316.31,South,High
1200,Furniture,911.75,Sofa,,Completed,1356,766.25,West,Medium
1201,Clothing,1910.08,Shoes,204.0,Cancelled,3106,1713.41,East,Low
1202,Clothing,2401.69,Jeans,266.0,Completed,4188,2389.31,West,Low
1203,Electronics,1939.66,Mouse,252.0,Completed,2439,1700.25,South,High
1204,Furniture,1135.59,Table,164.0,Pending,819,962.58,East,Low
1205,Electronics,2229.42,Mouse,186.0,Cancelled,1526,1905.04,South,High
1206,Furniture,599.47,Chair,294.0,Pending,4638,545.57,East,Medium
1207,Groceries,1533.75,Oil,246.0,Pending,3361,1507.75,West,Medium
1208,Groceries,322.06,Rice,239.0,Completed,3786,302.86,East,High
1209,Groceries,1921.78,Oil,64.0,Cancelled,553,1873.43,South,Medium
1210,Furniture,813.43,Chair,146.0,Pending,4350,712.37,North,Medium
1211,Furniture,321.67,Sofa,258.0,Cancelled,865,303.3,South,Low
1212,Groceries,436.29,Oil,289.0,Cancelled,2865,387.85,North,High
1213,Electronics,2371.88,Phone,293.0,Pending,1826,2054.99,West,Low
1214,Sports,1250.11,Bat,248.0,Pending,2574,1110.78,South,Low
1215,Books,1139.32,Textbook,213.0,Completed,3701,1001.4,West,Medium
1216,Furniture,1520.58,Sofa,177.0,Cancelled,2715,1431.11,West,High
1217,Clothing,804.60,Shirt,127.0,Pending,3783,735.94,South,High
1218,Electronics,2364.01,Mouse,82.0,Pending,2133,2015.64,East,Low
1219,Sports,482.69,Helmet,256.0,Cancelled,3924,467.78,East,Medium
1220,Electronics,2363.63,Laptop,299.0,Completed,1862,2146.63,East,High
1221,Electronics,1242.29,Mouse,147.0,Cancelled,3955,1055.95,North,High
1222,Books,2207.31,Novel,24.0,Pending,3097,1926.94,West,High
1223,Groceries,912.68,Oil,231.0,Pending,4230,862.87,East,Low
1224,Sports,330.37,Bat,286.0,Pending,2877,324.1,East,High
1225,Furniture,1255.19,Desk,243.0,Completed,2828,1243.92,West,High
1226,Groceries,826.63,Oil,154.0,Completed,3319,736.34,East,Low
1227,Groceries,1774.76,Milk,170.0,Completed,3117,1674.37,North,Medium
1228,Groceries,1993.92,Sugar,243.0,Cancelled,318,1741.32,East,Low
1229,Groceries,1806.29,Oil,195.0,Completed,4394,1617.52,South,Low
1230,Furniture,1435.70,Table,226.0,Completed,255,1259.27,East,Medium
1231,Furniture,1729.35,Desk,32.0,Cancelled,3963,1598.18,South,Low
1232,Furniture,2495.33,Sofa,89.0,Pending,2670,2277.44,West,Low
1233,Clothing,1692.91,Jacket,248.0,Cancelled,2265,1442.58,South,High
1234,Clothing,569.92,Jacket,107.0,Pending,2467,477.09,West,Medium
1235,Books,1405.61,Textbook,148.0,Cancelled,2340,1184.27,North,Low
1236,Sports,2240.44,Gloves,149.0,Pending,1299,2076.58,North,Medium
1237,Sports,872.45,Bat,110.0,Pending,4024,801.53,South,Low
1238,Clothing,351.81,Jacket,125.0,Cancelled,2060,313.24,North,Low
1239,Groceries,1598.48,Oil,242.0,Pending,2805,1581.87,North,Low
1240,Furniture,2411.65,Table,244.0,Completed,3433,2017.13,West,Low
1241,Furniture,809.71,Sofa,119.0,Completed,4803,717.08,North,High
1242,Books,2335.47,Novel,96.0,Pending,4158,2318.62,East,High
1243,Electronics,1424.23,Mouse,233.0,Pending,2431,1394.31,West,High
1244,Groceries,689.36,Milk,235.0,Pending,1431,593.37,East,Low
1245,Furniture,1844.18,Table,90.0,Cancelled,1682,1592.35,West,Medium
1246,Groceries,225.98,Sugar,245.0,Completed,1251,199.3,East,High
1247,Electronics,965.10,Mouse,155.0,Pending,2800,885.94,North,Medium
1248,Sports,1734.99,Helmet,158.0,Completed,3912,1713.7,South,Medium
1249,Sports,1728.82,Helmet,114.0,Pending,3110,1532.99,South,High
1250,Books,1142.90,Novel,,Pending,3506,954.19,West,Low
1251,Sports,1907.03,Ball,270.0,Cancelled,770,1678.62,West,Low
1252,Sports,204.48,Helmet,259.0,Completed,4586,183.75,South,Low
1253,Groceries,419.70,Oil,106.0,Pending,1052,358.44,West,High
1254,Groceries,2023.64,Milk,234.0,Cancelled,3503,1855.38,North,Low
1255,Books,2019.22,Magazine,2.0,Pending,2184,1764.04,South,Low
1256,Electronics,1065.01,Phone,36.0,Cancelled,593,934.16,West,High
1257,Clothing,458.15,Shoes,192.0,Cancelled,3543,446.07,West,Medium
1258,Books,209.82,Textbook,179.0,Cancelled,1189,175.9,North,High
1259,Groceries,1326.82,Milk,12.0,Completed,128,1158.22,East,Medium
1260,Sports,1334.51,Gloves,178.0,Completed,3873,1145.82,South,Medium
1261,Furniture,90.22,Table,124.0,Cancelled,228,79.7,South,High
1262,Electronics,1121.64,Phone,23.0,Completed,2104,988.75,West,Medium
1263,Furniture,1888.42,Chair,149.0,Completed,4227,1634.69,South,Low
1264,Groceries,1447.91,Sugar,155.0,Pending,2040,1254.14,South,Low
1265,Groceries,1039.76,Oil,90.0,Cancelled,4946,985.53,West,Low
1266,Books,2431.00,Novel,269.0,Cancelled,3222,2045.75,East,Low
1267,Books,381.55,Textbook,124.0,Cancelled,3979,354.83,South,Medium
1268,Sports,2016.38,Ball,214.0,Cancelled,3480,1704.54,South,Medium
1269,Furniture,516.31,Sofa,48.0,Pending,3139,457.18,South,High
1270,Clothing,1687.44,Shoes,287.0,Completed,1641,1505.86,South,Medium
1271,Furniture,764.94,Sofa,61.0,Completed,1656,647.27,West,High
1272,Sports,997.61,Ball,195.0,Pending,2418,952.04,West,Low
1273,Sports,777.97,Helmet,51.0,Pending,3917,725.77,West,Medium
1274,Furniture,789.18,Sofa,9.0,Completed,1295,782.03,East,Low
1275,Groceries,745.03,Milk,292.0,Completed,3211,716.9,South,Medium
1276,Groceries,650.74,Sugar,236.0,Cancelled,4118,558.9,South,Low
1277,Clothing,358.50,Jeans,31.0,Completed,4541,323.17,North,High
1278,Sports,1913.20,Bat,35.0,Cancelled,1995,1767.43,South,High
1279,Furniture,939.27,Desk,250.0,Cancelled,4058,835.97,North,High
1280,Groceries,39.51,Milk,147.0,Pending,4488,35.73,North,Low
1281,Sports,2017.36,Gloves,269.0,Completed,889,1706.8,South,High
1282,Furniture,2039.88,Sofa,192.0,Pending,747,1936.35,West,Medium
1283,Groceries,2475.68,Oil,17.0,Cancelled,760,2368.68,North,Medium
1284,Books,1386.23,Textbook,43.0,Completed,1503,1370.85,West,Medium
1285,Sports,1418.98,Helmet,22.0,Completed,4426,1211.16,South,High
1286,Sports,685.03,Gloves,279.0,Cancelled,2396,578.17,North,High
1287,Clothing,2404.06,Shirt,40.0,Cancelled,3362,2151.46,East,High
1288,Groceries,1421.07,Oil,170.0,Cancelled,4528,1214.71,West,Low
1289,Furniture,1256.97,Table,224.0,Completed,900,1051.98,South,High
1290,Clothing,2422.61,Shoes,231.0,Cancelled,2339,2274.16,West,High
1291,Clothing,1085.30,Shoes,44.0,Cancelled,3213,955.42,East,High
1292,Sports,214.27,Bat,200.0,Cancelled,1363,207.86,East,Medium
1293,Electronics,22.94,Laptop,53.0,Pending,2309,21.61,South,High
1294,Furniture,1127.62,Desk,14.0,Pending,946,1015.01,North,Medium
1295,Groceries,1496.34,Rice,150.0,Pending,201,1293.42,West,Medium
1296,Electronics,1434.18,Keyboard,72.0,Pending,1488,1387.13,East,Medium
1297,Clothing,373.38,Shoes,154.0,Pending,3549,361.3,West,High
1298,Clothing,2361.11,Jacket,101.0,Pending,4964,2063.58,West,High
1299,Furniture,26.85,Sofa,169.0,Cancelled,3212,24.88,West,Medium
1300,Books,2435.82,Magazine,,Pending,1745,2371.26,West,Medium
1301,Furniture,2422.13,Desk,295.0,Cancelled,4122,2288.72,South,Medium
1302,Books,2043.07,Textbook,103.0,Completed,4719,1894.21,South,Low
1303,Groceries,2382.98,Rice,225.0,Cancelled,1817,2181.57,East,Low
1304,Electronics,1685.71,Tablet,130.0,Pending,2082,1640.06,South,Low
1305,Books,194.17,Textbook,206.0,Pending,4869,162.06,West,Low
1306,Electronics,1757.07,Headphones,56.0,Cancelled,796,1511.51,South,Low
1307,Sports,424.18,Helmet,170.0,Cancelled,3373,377.88,West,High
1308,Electronics,654.26,Laptop,298.0,Cancelled,4671,593.63,South,Medium
1309,Clothing,1163.03,Shoes,78.0,Cancelled,4199,1023.87,East,High
1310,Books,745.63,Novel,73.0,Completed,1050,629.7,East,Medium
1311,Clothing,1962.83,Shoes,50.0,Pending,4000,1777.57,West,Low
1312,Sports,804.08,Gloves,12.0,Cancelled,1042,758.53,East,Low
1313,Electronics,2325.51,Monitor,283.0,Cancelled,1529,2025.53,South,Medium
1314,Groceries,2396.57,Milk,96.0,Pending,1611,2290.36,West,Medium
1315,Electronics,1129.44,Keyboard,106.0,Completed,1859,1040.09,East,Low
1316,Electronics,2000.76,Laptop,101.0,Pending,2770,1806.75,West,High
1317,Clothing,1324.01,Shoes,201.0,Cancelled,3283,1173.95,North,Medium
1318,Clothing,1547.23,Shoes,44.0,Cancelled,2536,1330.67,South,Medium
1319,Electronics,770.40,Keyboard,262.0,Cancelled,1258,743.19,West,Medium
1320,Groceries,1441.27,Oil,89.0,Pending,4502,1328.84,South,Medium
1321,Clothing,475.88,Jeans,184.0,Cancelled,539,407.29,North,Medium
1322,Furniture,2039.89,Chair,210.0,Cancelled,4154,1710.22,West,Medium
1323,Sports,1226.86,Gloves,150.0,Completed,1906,1206.9,North,Medium
1324,Furniture,428.84,Sofa,282.0,Cancelled,4157,392.9,North,Low
1325,Electronics,1940.03,Mouse,22.0,Pending,4540,1665.75,West,Low
1326,Furniture,265.02,Desk,17.0,Completed,2538,227.29,West,Medium
1327,Clothing,1103.28,Shirt,180.0,Completed,1819,920.33,West,High
1328,Groceries,1964.27,Oil,180.0,Completed,4770,1689.4,East,Low
1329,Groceries,815.90,Oil,137.0,Pending,4791,715.19,North,High
1330,Books,2481.29,Novel,128.0,Completed,1187,2114.6,South,Low
1331,Clothing,1906.07,Jeans,296.0,Pending,1264,1678.99,East,Low
1332,Books,1135.46,Textbook,264.0,Completed,3400,1007.75,East,Low
1333,Clothing,2376.13,Shoes,235.0,Completed,863,2230.15,East,High
1334,Groceries,552.40,Milk,138.0,Completed,4152,508.69,East,Medium
1335,Clothing,1419.69,Jeans,24.0,Pending,496,1294.08,North,Low
1336,Books,319.35,Novel,1.0,Pending,3839,272.59,West,High
1337,Sports,2206.55,Ball,185.0,Pending,864,2080.92,East,High
1338,Clothing,138.95,Jeans,220.0,Cancelled,2018,123.5,North,Low
1339,Electronics,541.42,Phone,266.0,Cancelled,1952,533.11,West,High
1340,Electronics,2044.60,Headphones,245.0,Pending,1182,1707.2,North,High
1341,Books,1829.60,Novel,154.0,Pending,3111,1792.87,South,Medium
1342,Furniture,180.34,Chair,226.0,Cancelled,1444,162.08,East,Low
1343,Furniture,2300.54,Chair,45.0,Pending,1879,2048.17,North,High
1344,Electronics,885.32,Tablet,142.0,Completed,2129,815.3,North,High
1345,Groceries,1949.63,Sugar,106.0,Cancelled,2571,1713.06,South,Low
1346,Books,1618.96,Textbook,198.0,Completed,4154,1399.56,North,High
1347,Books,1488.89,Magazine,163.0,Completed,3058,1346.61,South,Medium
1348,Groceries,919.88,Milk,9.0,Pending,697,809.33,North,High
1349,Clothing,109.17,Jeans,147.0,Pending,4250,107.87,West,Medium
1350,Sports,215.25,Gloves,,Cancelled,1350,194.39,East,High
1351,Clothing,1283.15,Shirt,168.0,Completed,4494,1233.04,West,Low
1352,Sports,782.32,Bat,126.0,Completed,574,719.38,North,Medium
1353,Electronics,1534.62,Camera,62.0,Cancelled,1538,1517.91,North,Low
1354,Furniture,417.94,Table,133.0,Cancelled,4337,351.03,South,Medium
1355,Furniture,1835.01,Sofa,220.0,Completed,2844,1792.68,East,Low
1356,Electronics,1783.68,Mouse,234.0,Completed,4164,1599.24,East,High
1357,Books,425.53,Magazine,60.0,Completed,4801,412.55,South,Low
1358,Groceries,119.65,Rice,242.0,Completed,476,102.04,East,Medium
1359,Furniture,2328.59,Chair,115.0,Cancelled,3535,1987.7,East,High
1360,Books,806.64,Magazine,62.0,Cancelled,3154,692.28,North,High
1361,Furniture,2385.66,Table,160.0,Pending,2412,2353.22,East,High
1362,Groceries,29.84,Milk,125.0,Cancelled,2589,28.69,West,Medium
1363,Groceries,2494.49,Milk,126.0,Cancelled,4577,2159.4,South,High
1364,Books,590.16,Novel,172.0,Cancelled,178,551.92,North,Low
1365,Books,1820.77,Magazine,215.0,Cancelled,2051,1783.69,West,High
1366,Furniture,241.64,Sofa,191.0,Cancelled,3483,204.04,West,Low
1367,Electronics,1268.52,Laptop,291.0,Pending,713,1125.13,North,Medium
1368,Sports,599.56,Ball,168.0,Pending,3319,569.82,East,Medium
1369,Clothing,195.97,Jeans,80.0,Cancelled,992,188.33,North,High
1370,Books,791.94,Textbook,232.0,Pending,1800,773.27,East,Medium
1371,Clothing,235.15,Shirt,111.0,Pending,430,202.45,East,High
1372,Electronics,2421.32,Keyboard,134.0,Completed,2548,2243.52,South,High
1373,Books,1394.32,Textbook,53.0,Completed,3885,1256.12,South,High
1374,Electronics,2077.63,Phone,206.0,Completed,1723,1736.4,East,Low
1375,Sports,1459.99,Bat,34.0,Completed,278,1388.13,South,Low
1376,Books,239.03,Novel,22.0,Pending,1103,204.39,West,High
1377,Furniture,2056.00,Desk,219.0,Completed,3235,1905.47,South,Medium
1378,Furniture,694.70,Chair,126.0,Completed,383,637.81,East,Medium
1379,Books,1202.79,Magazine,215.0,Pending,1224,1182.05,South,Low
1380,Groceries,1580.58,Oil,184.0,Completed,3233,1362.06,West,Low
1381,Books,2282.57,Textbook,93.0,Pending,2315,2074.16,North,Medium
1382,Groceries,82.97,Oil,242.0,Pending,579,71.39,East,Low
1383,Furniture,259.33,Chair,29.0,Pending,4471,229.22,South,Low
1384,Books,2338.66,Textbook,122.0,Completed,1542,1951.63,East,Low
1385,Sports,2285.81,Helmet,291.0,Cancelled,2980,2272.99,South,Low
1386,Furniture,1359.89,Desk,29.0,Completed,839,1313.76,South,Low
1387,Furniture,1320.86,Table,67.0,Cancelled,1750,1320.68,East,Low
1388,Furniture,158.29,Sofa,57.0,Cancelled,1260,153.75,East,High
1389,Clothing,1469.18,Shoes,81.0,Pending,1217,1376.52,West,Low
1390,Books,800.04,Magazine,115.0,Cancelled,3023,700.91,South,Medium
1391,Clothing,327.10,Jacket,201.0,Cancelled,4792,285.49,North,High
1392,Groceries,2303.39,Sugar,54.0,Completed,4732,1929.94,West,High
1393,Clothing,602.61,Shirt,172.0,Completed,826,503.65,West,High
1394,Clothing,631.36,Jeans,1.0,Pending,985,622.91,North,Medium
1395,Books,1054.94,Magazine,194.0,Pending,4139,1020.97,East,Low
1396,Books,2073.73,Novel,84.0,Cancelled,1947,1791.18,West,High
1397,Electronics,59.99,Mouse,176.0,Completed,707,57.01,South,Medium
1398,Furniture,1372.15,Table,248.0,Completed,2868,1163.21,North,Medium
1399,Sports,1522.22,Ball,170.0,Completed,929,1400.59,South,High
1400,Books,1389.74,Magazine,,Cancelled,2273,1172.66,East,Medium
1401,Furniture,133.59,Table,28.0,Pending,1358,119.88,East,High
1402,Books,743.43,Novel,103.0,Cancelled,4034,656.51,North,High
1403,Furniture,1599.09,Chair,158.0,Pending,1046,1337.69,West,Medium
1404,Books,669.86,Magazine,190.0,Pending,1614,593.65,West,Medium
1405,Furniture,121.10,Desk,138.0,Pending,1953,111.31,North,High
1406,Sports,223.41,Bat,117.0,Cancelled,3491,209.04,North,Medium
1407,Groceries,2414.41,Milk,121.0,Pending,4791,2122.72,West,Medium
1408,Electronics,2257.92,Tablet,265.0,Cancelled,4779,1975.67,South,High
1409,Books,2373.16,Novel,65.0,Completed,1678,2296.39,North,Medium
1410,Electronics,512.78,Tablet,133.0,Completed,4974,440.34,East,Low
1411,Electronics,976.37,Laptop,267.0,Pending,2362,904.49,West,High
1412,Sports,290.17,Gloves,299.0,Cancelled,4916,281.74,North,High
1413,Groceries,1966.51,Rice,136.0,Pending,3466,1675.77,West,Low
1414,Books,1526.32,Magazine,74.0,Pending,3401,1514.97,West,High
1415,Books,1729.38,Textbook,191.0,Pending,2300,1712.5,North,Medium
1416,Clothing,708.06,Jacket,117.0,Cancelled,904,644.67,South,Medium
1417,Sports,1937.34,Gloves,46.0,Cancelled,3514,1820.51,South,Medium
1418,Furniture,1854.95,Desk,264.0,Pending,560,1610.34,South,High
1419,Clothing,347.77,Shoes,89.0,Cancelled,337,297.17,South,High
1420,Electronics,92.35,Keyboard,141.0,Pending,1731,91.43,East,Medium
1421,Groceries,1592.17,Milk,191.0,Completed,2081,1553.68,West,Low
1422,Books,2401.70,Novel,177.0,Cancelled,2965,2193.5,South,Medium
1423,Sports,719.82,Bat,110.0,Completed,4787,668.16,South,Low
1424,Furniture,680.02,Chair,243.0,Completed,172,628.54,South,Low
1425,Furniture,567.19,Table,217.0,Pending,2355,505.67,West,Medium
1426,Books,553.34,Textbook,300.0,Cancelled,3353,521.81,North,High
1427,Groceries,1408.03,Sugar,56.0,Pending,2545,1258.57,West,High
1428,Clothing,1605.08,Jacket,97.0,Pending,2547,1369.17,South,Low
1429,Furniture,2015.52,Table,164.0,Cancelled,3410,1736.81,South,Low
1430,Electronics,2493.70,Camera,199.0,Pending,3414,2370.7,North,Low
1431,Sports,864.49,Ball,244.0,Cancelled,4479,756.55,East,Low
1432,Clothing,2103.19,Jeans,50.0,Completed,2506,1789.49,West,High
1433,Sports,1815.71,Helmet,46.0,Completed,2849,1633.12,South,Medium
1434,Furniture,1056.98,Sofa,300.0,Pending,2234,897.75,East,Medium
1435,Electronics,143.66,Camera,242.0,Cancelled,683,127.48,South,Low
1436,Electronics,1329.30,Tablet,103.0,Completed,1225,1227.85,East,Medium
1437,Groceries,366.63,Milk,250.0,Completed,762,312.7,East,Low
1438,Furniture,1589.90,Sofa,87.0,Pending,1815,1588.4,South,Medium
1439,Electronics,1540.05,Monitor,245.0,Pending,3614,1366.87,West,High
1440,Electronics,1829.34,Keyboard,98.0,Pending,4450,1537.24,North,Low
1441,Electronics,573.40,Keyboard,53.0,Pending,1156,487.84,West,Low
1442,Groceries,425.88,Sugar,234.0,Pending,2482,365.63,East,Medium
1443,Sports,863.40,Ball,85.0,Pending,1643,731.52,West,High
1444,Furniture,1820.65,Chair,259.0,Cancelled,279,1774.1,South,High
1445,Clothing,944.23,Shirt,25.0,Cancelled,498,837.04,North,Low
1446,Electronics,1727.48,Phone,281.0,Pending,1112,1594.56,East,Medium
1447,Sports,521.68,Ball,216.0,Completed,2566,458.76,North,Low
1448,Groceries,1560.77,Sugar,262.0,Pending,959,1368.92,North,Medium
1449,Electronics,1249.37,Laptop,104.0,Pending,4385,1113.72,East,Low
1450,Books,409.33,Textbook,,Completed,4037,368.89,East,High
1451,Electronics,1682.37,Phone,77.0,Cancelled,4147,1424.08,North,Low
1452,Electronics,2262.90,Laptop,136.0,Pending,2525,2004.58,West,High
1453,Electronics,2186.61,Monitor,219.0,Pending,2661,1868.18,North,High
1454,Electronics,2131.48,Phone,184.0,Completed,2792,1881.82,West,Low
1455,Clothing,937.83,Shirt,205.0,Completed,3383,877.67,West,Medium
1456,Books,2128.17,Magazine,58.0,Cancelled,1466,1834.66,South,Low
1457,Sports,2454.11,Bat,248.0,Completed,3508,2099.56,West,High
1458,Groceries,1950.12,Milk,248.0,Cancelled,1170,1737.65,West,High
1459,Books,124.47,Textbook,269.0,Pending,201,118.28,South,Low
1460,Clothing,1087.79,Shirt,198.0,Pending,2932,949.76,South,Low
1461,Groceries,39.00,Rice,254.0,Cancelled,3944,32.86,South,High
1462,Books,609.82,Textbook,115.0,Completed,4252,510.72,West,Medium
1463,Furniture,1153.15,Table,256.0,Pending,821,993.88,West,Medium
1464,Electronics,1865.65,Camera,19.0,Pending,3477,1859.04,North,High
1465,Groceries,2226.38,Sugar,175.0,Cancelled,3837,2001.3,East,High
1466,Furniture,836.61,Desk,187.0,Cancelled,3975,725.29,West,High
1467,Electronics,15.47,Keyboard,281.0,Cancelled,2491,14.44,East,Low
1468,Electronics,2243.22,Phone,55.0,Cancelled,3452,2042.1,East,Low
1469,Furniture,310.66,Chair,98.0,Completed,3844,265.42,East,High
1470,Books,2317.30,Novel,231.0,Cancelled,1109,1984.85,West,Low
1471,Groceries,2410.00,Oil,284.0,Cancelled,497,2407.91,West,Low
1472,Books,1954.89,Magazine,89.0,Cancelled,4839,1653.83,South,High
1473,Books,1505.36,Magazine,215.0,Cancelled,3251,1279.48,South,Medium
1474,Books,2426.52,Textbook,212.0,Completed,1231,2225.0,East,Low
1475,Groceries,1782.57,Sugar,103.0,Cancelled,1880,1501.61,South,Low
1476,Sports,1719.66,Helmet,258.0,Completed,1556,1452.12,East,Low
1477,Electronics,1410.08,Headphones,274.0,Cancelled,3519,1262.88,East,Medium
1478,Electronics,72.93,Laptop,103.0,Cancelled,563,70.87,East,High
1479,Clothing,374.61,Jacket,278.0,Pending,1771,370.02,North,Medium
1480,Books,1544.11,Novel,288.0,Cancelled,1937,1360.32,West,High
1481,Groceries,1735.41,Sugar,214.0,Pending,3274,1719.26,East,Low
1482,Electronics,1861.74,Phone,189.0,Pending,1947,1789.07,South,Low
1483,Furniture,1127.55,Sofa,89.0,Completed,1631,942.22,North,Medium
1484,Electronics,704.99,Tablet,131.0,Completed,4884,669.6,North,Medium
1485,Books,2344.36,Magazine,27.0,Pending,4989,2325.78,East,Medium
1486,Groceries,191.47,Sugar,95.0,Cancelled,1901,167.73,North,Low
1487,Furniture,1362.27,Desk,110.0,Pending,1912,1260.56,East,Medium
1488,Clothing,553.93,Jacket,288.0,Cancelled,3990,481.46,North,High
1489,Sports,1119.71,Helmet,21.0,Cancelled,2097,948.18,East,Medium
1490,Electronics,648.91,Tablet,192.0,Completed,4334,566.84,West,Medium
1491,Electronics,2246.72,Mouse,50.0,Cancelled,774,2163.42,South,Low
1492,Groceries,1571.06,Rice,218.0,Cancelled,1846,1507.51,North,High
1493,Groceries,1619.94,Milk,13.0,Cancelled,1359,1363.64,West,Low
1494,Clothing,227.93,Shirt,37.0,Pending,4671,225.48,South,Medium
1495,Books,1133.30,Textbook,200.0,Pending,238,1048.49,North,Low
1496,Electronics,1892.34,Laptop,184.0,Cancelled,694,1693.94,North,Medium
1497,Sports,1520.35,Helmet,203.0,Pending,3224,1439.31,North,Medium
1498,Furniture,349.59,Chair,74.0,Cancelled,2516,324.24,East,Low
1499,Sports,2393.91,Helmet,64.0,Cancelled,1258,2388.58,North,High
1500,Groceries,1347.51,Milk,,Pending,1820,1132.94,East,High
1501,Books,2130.13,Magazine,130.0,Completed,1908,2071.12,South,High
1502,Furniture,2129.96,Table,282.0,Cancelled,3878,1795.2,North,Medium
1503,Sports,634.21,Bat,170.0,Cancelled,4091,610.12,East,High
1504,Sports,259.11,Ball,249.0,Completed,2703,230.54,West,Medium
1505,Groceries,1736.71,Sugar,162.0,Cancelled,3085,1685.34,West,High
1506,Electronics,622.98,Headphones,142.0,Cancelled,3672,596.55,East,High
1507,Sports,2195.94,Helmet,250.0,Pending,2602,2009.89,North,High
1508,Sports,2106.06,Bat,101.0,Completed,4512,1797.37,East,Low
1509,Sports,1821.29,Bat,298.0,Cancelled,355,1545.53,West,Low
1510,Furniture,1383.47,Table,77.0,Cancelled,3967,1247.84,East,Medium
1511,Furniture,343.36,Sofa,187.0,Completed,3350,312.08,North,Low
1512,Furniture,1895.44,Chair,290.0,Completed,1567,1843.68,South,Low
1513,Sports,2348.55,Gloves,33.0,Pending,1998,2329.72,East,Medium
1514,Furniture,1674.78,Table,241.0,Pending,3279,1517.59,West,High
1515,Electronics,267.03,Headphones,135.0,Cancelled,2340,223.7,South,Medium
1516,Sports,919.59,Gloves,129.0,Completed,4332,813.32,West,High
1517,Groceries,888.72,Milk,4.0,Pending,4049,757.3,South,Medium
1518,Furniture,201.95,Chair,96.0,Completed,1330,178.92,South,Medium
1519,Groceries,1656.16,Rice,247.0,Pending,1028,1529.34,West,Medium
1520,Furniture,1621.68,Chair,66.0,Completed,453,1498.53,South,High
1521,Sports,2228.09,Bat,93.0,Completed,2215,2164.51,West,Low
1522,Groceries,2197.49,Rice,111.0,Pending,802,1918.21,West,Low
1523,Books,434.71,Textbook,299.0,Cancelled,1269,372.8,South,Low
1524,Sports,427.63,Helmet,36.0,Pending,4986,376.06,South,Medium
1525,Books,280.34,Novel,77.0,Cancelled,3538,269.44,North,High
1526,Books,1503.54,Magazine,61.0,Cancelled,4223,1279.01,North,Medium
1527,Sports,2255.94,Ball,268.0,Completed,3634,2036.31,West,Medium
1528,Electronics,581.42,Tablet,295.0,Pending,2971,501.03,North,Medium
1529,Furniture,1198.08,Sofa,279.0,Completed,2420,1144.84,West,Medium
1530,Furniture,1775.78,Table,61.0,Cancelled,4380,1533.64,North,Medium
1531,Sports,1722.54,Ball,80.0,Pending,973,1620.18,West,Low
1532,Groceries,660.64,Sugar,142.0,Cancelled,3095,596.66,West,High
1533,Books,1961.63,Magazine,285.0,Pending,4680,1789.0,West,Medium
1534,Clothing,1937.74,Jacket,118.0,Completed,1075,1794.83,West,Low
1535,Furniture,544.00,Table,27.0,Pending,4610,503.65,South,Medium
1536,Sports,2012.88,Bat,46.0,Pending,3666,1728.31,North,Medium
1537,Furniture,209.30,Sofa,267.0,Pending,3382,207.73,East,Low
1538,Groceries,2364.83,Rice,225.0,Cancelled,4149,2031.56,North,High
1539,Sports,494.92,Helmet,119.0,Cancelled,4325,427.84,South,Low
1540,Electronics,605.75,Headphones,142.0,Completed,811,605.72,West,Medium
1541,Sports,1019.57,Gloves,47.0,Completed,662,980.3,East,Low
1542,Groceries,875.21,Sugar,233.0,Completed,1693,752.48,West,Low
1543,Electronics,445.84,Mouse,258.0,Cancelled,692,404.85,East,Medium
1544,Electronics,2191.52,Mouse,227.0,Cancelled,2149,1884.97,West,Low
1545,Books,1896.11,Novel,15.0,Pending,3874,1590.37,West,High
1546,Clothing,962.86,Shirt,162.0,Completed,1983,831.68,West,Medium
1547,Groceries,1755.04,Rice,205.0,Pending,861,1667.23,East,High
1548,Groceries,1196.62,Oil,94.0,Cancelled,2304,1117.6,South,Medium
1549,Sports,594.80,Ball,118.0,Pending,1793,567.33,South,High
1550,Groceries,398.43,Sugar,,Completed,4135,390.11,North,Low
1551,Electronics,934.28,Camera,252.0,Cancelled,2350,878.84,South,Low
1552,Clothing,563.01,Shoes,217.0,Completed,4406,504.79,West,Low
1553,Electronics,990.36,Headphones,62.0,Completed,3845,870.82,West,Medium
1554,Sports,39.43,Bat,167.0,Cancelled,925,37.84,East,Low
1555,Clothing,1375.92,Jeans,188.0,Pending,2910,1313.62,South,Medium
1556,Books,1053.54,Novel,144.0,Pending,3381,915.77,West,High
1557,Groceries,2448.39,Oil,121.0,Completed,2311,2152.99,West,Medium
1558,Furniture,2002.09,Chair,91.0,Pending,179,1744.42,West,Medium
1559,Furniture,1965.48,Sofa,25.0,Cancelled,4751,1854.21,West,High
1560,Sports,159.49,Ball,231.0,Pending,888,137.16,East,Medium
1561,Clothing,1405.27,Jacket,11.0,Pending,2919,1184.51,West,High
1562,Clothing,1446.37,Jeans,146.0,Cancelled,1529,1280.0,East,Medium
1563,Sports,1939.11,Gloves,147.0,Completed,3221,1780.0,West,Low
1564,Furniture,1605.05,Chair,208.0,Pending,4782,1353.66,North,High
1565,Furniture,578.26,Sofa,203.0,Pending,2291,543.8,East,Medium
1566,Clothing,1040.83,Shoes,121.0,Completed,1124,1003.91,East,Low
1567,Sports,534.32,Bat,243.0,Completed,622,495.01,North,High
1568,Books,1914.84,Magazine,44.0,Pending,1372,1883.48,West,Medium
1569,Furniture,1846.61,Chair,270.0,Completed,1175,1696.27,South,High
1570,Electronics,2152.32,Headphones,277.0,Pending,3927,2020.88,East,Low
1571,Books,2424.16,Novel,234.0,Completed,4940,2127.34,West,Low
1572,Sports,2273.22,Helmet,227.0,Completed,833,2073.48,East,Medium
1573,Books,397.74,Textbook,177.0,Cancelled,1216,396.9,East,Medium
1574,Groceries,1722.55,Rice,5.0,Pending,2554,1568.26,West,Medium
1575,Groceries,1993.95,Oil,288.0,Completed,3472,1796.93,West,Medium
1576,Furniture,1790.20,Chair,135.0,Pending,1907,1585.37,North,Medium
1577,Sports,1296.36,Ball,146.0,Cancelled,2327,1117.56,East,Medium
1578,Furniture,464.19,Table,232.0,Cancelled,3830,438.78,East,Low
1579,Groceries,477.60,Milk,12.0,Completed,4482,475.75,South,High
1580,Clothing,321.35,Jacket,47.0,Completed,2007,295.44,South,High
1581,Books,861.36,Novel,238.0,Pending,3142,810.83,North,Medium
1582,Electronics,149.54,Monitor,241.0,Completed,4549,129.46,South,High
1583,Clothing,2072.35,Shoes,198.0,Cancelled,2139,2023.0,West,High
1584,Sports,505.96,Bat,107.0,Completed,4369,441.09,West,Medium
1585,Sports,2341.18,Helmet,282.0,Cancelled,445,2269.2,North,Medium
1586,Books,754.04,Magazine,58.0,Completed,1884,703.34,South,Low
1587,Books,47.52,Textbook,203.0,Cancelled,1080,41.01,South,High
1588,Electronics,1724.13,Camera,81.0,Completed,2137,1672.29,West,High
1589,Sports,2327.81,Helmet,31.0,Cancelled,591,1940.82,East,Low
1590,Furniture,323.31,Table,225.0,Cancelled,2945,308.93,South,High
1591,Sports,901.84,Gloves,225.0,Completed,4075,878.18,East,Low
1592,Sports,482.54,Gloves,240.0,Pending,2751,465.18,East,Low
1593,Groceries,181.50,Oil,278.0,Pending,2257,176.04,East,Medium
1594,Electronics,1836.81,Tablet,123.0,Cancelled,3082,1561.13,East,Low
1595,Electronics,482.77,Tablet,145.0,Cancelled,1362,424.73,East,Medium
1596,Sports,285.06,Helmet,67.0,Completed,458,258.06,South,High
1597,Furniture,1218.57,Table,251.0,Cancelled,3283,1194.97,East,High
1598,Clothing,1518.82,Jeans,41.0,Completed,4125,1497.59,West,Low
1599,Electronics,1399.47,Headphones,30.0,Pending,3123,1178.35,East,Low
1600,Electronics,2087.80,Laptop,,Completed,4355,2055.76,North,High
1601,Sports,1333.84,Ball,292.0,Cancelled,2137,1285.14,South,Low
1602,Sports,1867.81,Gloves,235.0,Cancelled,3032,1619.6,West,High
1603,Furniture,1379.41,Chair,274.0,Cancelled,1395,1252.94,West,Medium
1604,Clothing,2113.69,Jacket,166.0,Cancelled,3627,1952.66,South,Low
1605,Groceries,943.91,Oil,185.0,Cancelled,2181,850.33,West,Medium
1606,Books,1818.52,Novel,266.0,Cancelled,233,1519.75,South,Medium
1607,Electronics,2461.14,Mouse,142.0,Pending,277,2359.75,South,High
1608,Electronics,895.58,Camera,128.0,Pending,4869,871.46,South,Medium
1609,Clothing,1430.51,Shirt,167.0,Completed,732,1284.34,West,High
1610,Books,1760.09,Magazine,154.0,Completed,4976,1512.23,North,Low
1611,Groceries,205.41,Milk,223.0,Pending,2950,203.14,West,High
1612,Furniture,1588.38,Table,269.0,Completed,2596,1410.09,North,Medium
1613,Groceries,823.81,Oil,202.0,Completed,513,722.92,West,Low
1614,Groceries,562.99,Rice,68.0,Pending,1312,532.15,East,High
1615,Books,1865.83,Magazine,205.0,Pending,796,1681.49,West,Low
1616,Furniture,1207.50,Chair,101.0,Pending,4780,1161.48,South,High
1617,Electronics,1944.16,Mouse,58.0,Cancelled,833,1826.05,West,Medium
1618,Clothing,484.32,Jacket,157.0,Cancelled,298,453.1,South,Medium
1619,Groceries,1561.72,Milk,192.0,Completed,1735,1435.28,South,Low
1620,Electronics,1851.56,Laptop,148.0,Cancelled,1309,1765.73,North,Medium
1621,Sports,769.74,Bat,276.0,Pending,1812,703.45,South,High
1622,Groceries,1376.51,Sugar,193.0,Completed,250,1223.99,North,Medium
1623,Furniture,717.19,Table,28.0,Cancelled,2322,619.42,West,Low
1624,Electronics,977.73,Laptop,56.0,Cancelled,3050,927.41,North,Medium
1625,Sports,585.61,Gloves,162.0,Cancelled,915,544.18,West,Low
1626,Groceries,474.18,Rice,12.0,Pending,4693,431.02,North,High
1627,Groceries,840.59,Sugar,178.0,Completed,250,779.28,East,Medium
1628,Sports,598.15,Helmet,32.0,Cancelled,2359,500.27,East,Medium
1629,Electronics,571.70,Mouse,45.0,Pending,1224,535.12,West,Low
1630,Sports,1049.16,Ball,169.0,Pending,2659,941.31,West,Low
1631,Furniture,1634.66,Chair,71.0,Cancelled,1757,1464.48,East,Low
1632,Sports,1080.86,Ball,81.0,Completed,4727,914.59,East,High
1633,Groceries,468.50,Rice,164.0,Completed,341,401.15,West,Medium
1634,Clothing,1866.57,Shoes,78.0,Cancelled,2342,1603.11,South,High
1635,Furniture,75.23,Chair,291.0,Cancelled,2286,62.84,South,Low
1636,Furniture,1721.57,Chair,69.0,Cancelled,4004,1606.16,West,Low
1637,Sports,468.10,Helmet,84.0,Pending,1226,434.43,South,High
1638,Electronics,1913.70,Tablet,114.0,Pending,3483,1907.97,South,High
1639,Electronics,2318.49,Monitor,167.0,Cancelled,4113,1936.71,West,High
1640,Books,1942.77,Textbook,202.0,Pending,2663,1732.16,North,Low
1641,Electronics,1147.68,Camera,276.0,Completed,4349,976.29,West,Low
1642,Electronics,1295.16,Tablet,150.0,Completed,1655,1150.1,West,Medium
1643,Clothing,1158.75,Jacket,265.0,Cancelled,546,1068.47,South,Medium
1644,Sports,235.20,Gloves,280.0,Completed,4895,213.79,South,Medium
1645,Books,1132.71,Textbook,233.0,Cancelled,1754,1093.59,North,Medium
1646,Clothing,1798.75,Jeans,186.0,Completed,3781,1755.38,North,Low
1647,Sports,1819.92,Gloves,194.0,Cancelled,1409,1522.9,West,High
1648,Furniture,1418.07,Sofa,75.0,Completed,1428,1252.82,South,Low
1649,Electronics,777.07,Tablet,93.0,Pending,2465,678.05,North,High
1650,Furniture,1560.18,Table,,Pending,4176,1485.01,West,Low
1651,Electronics,602.32,Camera,210.0,Pending,3817,538.86,West,High
1652,Groceries,619.34,Rice,107.0,Cancelled,4667,558.23,North,High
1653,Furniture,1636.66,Table,153.0,Completed,4835,1624.73,East,High
1654,Electronics,1048.22,Laptop,294.0,Cancelled,2429,1012.14,South,Medium
1655,Sports,2329.38,Helmet,189.0,Pending,2744,2286.79,West,High
1656,Books,171.67,Magazine,169.0,Completed,2348,156.9,West,Low
1657,Furniture,1534.01,Chair,45.0,Cancelled,4433,1501.19,West,Low
1658,Sports,1073.36,Helmet,295.0,Pending,4404,917.75,East,High
1659,Groceries,1304.07,Milk,120.0,Pending,1573,1157.76,East,High
1660,Electronics,69.73,Laptop,213.0,Completed,1798,61.98,West,High
1661,Clothing,1405.43,Jacket,145.0,Completed,1748,1246.5,East,High
1662,Clothing,1271.66,Jacket,171.0,Completed,1032,1194.29,East,Medium
1663,Sports,2081.79,Bat,243.0,Pending,4024,2004.03,North,Low
1664,Furniture,396.91,Desk,237.0,Cancelled,2845,363.43,West,Low
1665,Electronics,1416.71,Mouse,10.0,Cancelled,4489,1247.5,South,Low
1666,Sports,2000.84,Helmet,77.0,Pending,642,1699.07,East,High
1667,Clothing,1570.01,Shoes,96.0,Cancelled,3291,1343.63,North,Medium
1668,Sports,1777.50,Helmet,122.0,Completed,4171,1685.95,East,Medium
1669,Clothing,1317.50,Jeans,104.0,Pending,406,1272.94,North,Medium
1670,Groceries,1999.57,Rice,175.0,Completed,1658,1693.13,West,Low
1671,Groceries,1941.08,Sugar,68.0,Completed,4328,1887.0,South,Low
1672,Electronics,975.09,Camera,160.0,Completed,133,831.31,North,Low
1673,Groceries,839.89,Rice,160.0,Completed,4364,713.08,North,Low
1674,Clothing,808.99,Jeans,164.0,Pending,4460,778.99,West,Low
1675,Electronics,381.81,Mouse,264.0,Completed,4684,362.0,North,High
1676,Groceries,1377.92,Sugar,294.0,Cancelled,2420,1307.06,South,High
1677,Electronics,1537.02,Mouse,67.0,Pending,515,1439.5,North,Medium
1678,Sports,273.76,Bat,92.0,Pending,3310,270.85,West,Low
1679,Clothing,837.51,Jacket,41.0,Cancelled,4470,805.59,West,Low
1680,Furniture,2034.00,Table,234.0,Pending,896,1718.0,East,Low
1681,Sports,1181.66,Gloves,187.0,Completed,2213,993.42,West,High
1682,Sports,1974.06,Helmet,16.0,Pending,4093,1677.94,North,Medium
1683,Electronics,1201.84,Headphones,295.0,Pending,2955,1027.96,South,Low
1684,Electronics,2045.71,Tablet,37.0,Pending,4655,1764.53,East,Low
1685,Books,1480.43,Textbook,82.0,Completed,4588,1413.01,West,Medium
1686,Electronics,528.51,Headphones,291.0,Pending,3666,464.09,East,Low
1687,Sports,440.98,Ball,250.0,Cancelled,4803,388.9,North,Low
1688,Groceries,820.19,Milk,158.0,Pending,1543,804.48,West,High
1689,Groceries,1716.92,Rice,254.0,Pending,2782,1533.95,North,High
1690,Furniture,2219.28,Chair,76.0,Cancelled,101,1879.71,South,Medium
1691,Groceries,981.06,Sugar,163.0,Completed,1784,879.41,East,Low
1692,Sports,2297.07,Helmet,46.0,Cancelled,2920,1934.64,North,Low
1693,Groceries,2120.62,Milk,282.0,Completed,3124,1811.72,North,High
1694,Sports,283.15,Helmet,222.0,Completed,2027,268.02,West,Low
1695,Clothing,1021.02,Shoes,244.0,Completed,1520,939.27,South,High
1696,Groceries,2109.89,Milk,148.0,Pending,1363,1968.08,South,High
1697,Electronics,1624.49,Laptop,70.0,Pending,3677,1579.02,North,High
1698,Sports,2151.78,Gloves,93.0,Cancelled,3587,1825.53,West,Low
1699,Books,2051.98,Magazine,218.0,Completed,1622,1905.37,North,Low
1700,Books,599.51,Magazine,,Pending,4574,544.84,East,High
1701,Electronics,1765.16,Camera,73.0,Pending,755,1726.09,East,Medium
1702,Groceries,1313.16,Rice,40.0,Completed,3970,1170.36,East,Low
1703,Electronics,1342.23,Headphones,241.0,Pending,4299,1339.34,East,Medium
1704,Clothing,730.13,Jacket,289.0,Cancelled,2590,725.01,East,High
1705,Sports,1449.57,Gloves,14.0,Cancelled,2490,1300.56,East,Medium
1706,Electronics,1268.93,Monitor,68.0,Pending,2164,1084.29,East,Medium
1707,Clothing,1856.16,Shirt,229.0,Cancelled,1338,1656.16,East,High
1708,Clothing,1217.45,Jeans,44.0,Completed,2908,1049.64,South,Low
1709,Furniture,1884.38,Desk,226.0,Pending,2049,1740.62,South,High
1710,Groceries,145.27,Sugar,86.0,Completed,530,137.97,West,Medium
1711,Books,1195.90,Textbook,195.0,Cancelled,2014,1005.25,West,Medium
1712,Clothing,1330.80,Jeans,196.0,Pending,3776,1224.35,East,Low
1713,Sports,252.44,Bat,140.0,Pending,3637,228.19,East,Medium
1714,Clothing,645.81,Shirt,100.0,Pending,2080,578.25,East,Low
1715,Sports,790.04,Ball,7.0,Completed,656,788.37,West,High
1716,Groceries,1716.89,Rice,129.0,Cancelled,2420,1604.12,South,High
1717,Electronics,151.64,Laptop,62.0,Completed,1097,135.53,North,Low
1718,Furniture,1644.42,Desk,57.0,Cancelled,1613,1393.6,South,Medium
1719,Clothing,1654.59,Shoes,219.0,Pending,2364,1629.91,East,Medium
1720,Furniture,700.45,Table,31.0,Pending,2825,691.82,East,Medium
1721,Furniture,182.80,Desk,92.0,Completed,3316,152.86,West,High
1722,Furniture,553.78,Desk,53.0,Pending,2221,490.65,North,High
1723,Electronics,1945.32,Mouse,1.0,Pending,1319,1938.05,North,Low
1724,Books,387.50,Textbook,2.0,Pending,4807,363.52,West,Medium
1725,Books,2111.68,Textbook,116.0,Completed,4524,1826.42,North,Medium
1726,Sports,311.80,Gloves,156.0,Pending,2831,281.65,West,High
1727,Sports,919.73,Bat,236.0,Pending,759,785.65,East,Low
1728,Furniture,1390.64,Chair,154.0,Cancelled,1664,1165.18,West,High
1729,Sports,1221.39,Helmet,72.0,Pending,1652,1037.68,North,High
1730,Electronics,1228.19,Keyboard,256.0,Cancelled,2620,1212.91,West,High
1731,Electronics,149.58,Headphones,61.0,Completed,3421,129.22,South,Low
1732,Sports,2350.82,Gloves,297.0,Cancelled,1320,2002.33,South,High
1733,Electronics,1227.35,Monitor,125.0,Cancelled,475,1222.69,South,High
1734,Furniture,2262.61,Table,88.0,Completed,3837,1943.58,North,High
1735,Electronics,1491.49,Camera,219.0,Completed,1760,1327.98,East,Low
1736,Sports,817.35,Gloves,71.0,Cancelled,4571,683.88,East,High
1737,Electronics,845.40,Monitor,87.0,Completed,3500,825.47,East,Low
1738,Furniture,616.68,Desk,193.0,Completed,918,552.38,South,High
1739,Books,25.81,Novel,146.0,Completed,4963,24.92,West,Low
1740,Books,325.96,Magazine,231.0,Pending,4385,316.89,West,High
1741,Furniture,1494.72,Table,155.0,Cancelled,821,1307.21,East,Medium
1742,Electronics,487.84,Keyboard,277.0,Completed,3064,407.44,South,Medium
1743,Sports,698.30,Ball,255.0,Completed,3986,672.25,South,High
1744,Sports,144.53,Bat,129.0,Completed,3660,134.72,East,Low
1745,Books,270.01,Novel,81.0,Cancelled,1540,267.21,North,Medium
1746,Groceries,186.44,Rice,297.0,Pending,4955,178.06,East,Medium
1747,Furniture,582.86,Sofa,122.0,Completed,903,570.3,West,High
1748,Books,193.09,Novel,75.0,Completed,3670,172.86,South,Low
1749,Books,974.45,Novel,184.0,Cancelled,1690,948.57,East,High
1750,Clothing,89.92,Jeans,,Pending,1218,80.74,North,Medium
1751,Books,436.29,Textbook,88.0,Pending,1384,408.24,South,High
1752,Books,1228.14,Magazine,237.0,Cancelled,3978,1024.19,East,High
1753,Sports,1843.09,Gloves,297.0,Pending,3657,1756.44,South,Low
1754,Furniture,1050.25,Table,18.0,Pending,4230,1041.04,West,Low
1755,Books,2026.19,Textbook,254.0,Completed,3806,1778.4,South,High
1756,Groceries,1735.97,Rice,184.0,Completed,1187,1605.41,East,High
1757,Sports,49.67,Bat,293.0,Completed,3862,43.81,North,Medium
1758,Books,2186.76,Novel,1.0,Pending,3903,2022.77,North,Medium
1759,Sports,1331.99,Helmet,295.0,Pending,4543,1257.4,South,Low
1760,Electronics,1842.04,Headphones,27.0,Cancelled,3081,1822.07,North,Medium
1761,Clothing,1551.64,Shoes,35.0,Completed,4677,1445.92,South,High
1762,Clothing,1353.69,Jeans,108.0,Cancelled,4852,1198.16,South,Medium
1763,Clothing,1263.88,Jacket,191.0,Completed,619,1165.31,East,Medium
1764,Books,1321.44,Magazine,273.0,Cancelled,4457,1289.79,East,Medium
1765,Groceries,2001.76,Sugar,235.0,Completed,1642,1683.46,North,High
1766,Books,728.05,Novel,142.0,Completed,1449,611.13,North,Low
1767,Furniture,384.74,Desk,151.0,Cancelled,285,369.64,West,Low
1768,Groceries,1190.02,Oil,150.0,Cancelled,275,1097.78,South,High
1769,Electronics,2089.02,Keyboard,297.0,Pending,3472,1892.36,East,Low
1770,Sports,1220.51,Helmet,228.0,Cancelled,4593,1077.07,West,Medium
1771,Groceries,2246.72,Oil,248.0,Pending,1957,2116.95,East,Medium
1772,Electronics,889.27,Monitor,275.0,Completed,1417,814.96,East,High
1773,Furniture,411.52,Chair,65.0,Pending,4806,402.12,West,Medium
1774,Clothing,520.84,Jeans,177.0,Cancelled,2696,456.31,South,Medium
1775,Books,2438.91,Magazine,208.0,Completed,304,2203.71,West,High
1776,Books,398.57,Textbook,170.0,Cancelled,4256,333.8,East,Medium
1777,Clothing,2000.94,Jeans,58.0,Pending,2874,1746.46,West,High
1778,Furniture,777.12,Table,183.0,Completed,3753,719.34,North,Medium
1779,Electronics,1462.74,Keyboard,12.0,Pending,1703,1400.52,North,Low
1780,Books,1682.18,Magazine,100.0,Cancelled,3331,1653.29,West,Medium
1781,Groceries,2272.03,Rice,190.0,Completed,3603,2119.01,West,Medium
1782,Electronics,868.85,Mouse,45.0,Pending,4695,818.42,South,Low
1783,Books,2481.57,Magazine,218.0,Pending,1441,2137.93,West,High
1784,Groceries,367.66,Rice,34.0,Cancelled,2847,346.64,West,High
1785,Electronics,1600.63,Tablet,237.0,Completed,4653,1517.67,South,High
1786,Furniture,730.76,Desk,156.0,Pending,4894,665.47,West,Low
1787,Sports,569.06,Gloves,154.0,Completed,2251,491.31,West,High
1788,Sports,1048.72,Helmet,15.0,Cancelled,2104,954.79,North,Medium
1789,Books,1501.24,Novel,224.0,Pending,4733,1399.95,East,Low
1790,Sports,2435.90,Gloves,295.0,Pending,4298,2093.32,North,Medium
1791,Furniture,373.88,Table,183.0,Cancelled,1209,342.32,South,High
1792,Clothing,1054.59,Jacket,149.0,Pending,499,891.89,East,Low
1793,Sports,1289.53,Bat,86.0,Completed,874,1118.13,East,Medium
1794,Sports,685.93,Helmet,274.0,Pending,885,601.91,East,High
1795,Electronics,1300.25,Monitor,175.0,Pending,3475,1209.98,South,High
1796,Furniture,1263.42,Chair,273.0,Cancelled,4406,1083.26,North,Medium
1797,Books,300.25,Novel,179.0,Completed,4028,292.57,East,Low
1798,Clothing,2044.43,Jeans,176.0,Cancelled,4385,1735.59,South,Low
1799,Clothing,1863.71,Shirt,117.0,Completed,1266,1820.53,East,High
1800,Furniture,2452.96,Chair,,Completed,736,2260.87,North,Medium
1801,Books,498.91,Novel,31.0,Cancelled,4306,495.66,West,High
1802,Clothing,174.96,Shirt,106.0,Completed,1114,154.35,South,High
1803,Sports,82.86,Helmet,297.0,Cancelled,2372,80.52,East,Medium
1804,Furniture,1267.22,Chair,271.0,Cancelled,214,1250.13,South,Low
1805,Furniture,437.72,Sofa,110.0,Completed,908,380.36,West,Medium
1806,Sports,1104.77,Ball,195.0,Completed,3006,927.17,West,High
1807,Groceries,1024.87,Oil,239.0,Pending,1112,889.43,North,Low
1808,Furniture,1908.06,Desk,43.0,Cancelled,432,1672.35,East,Medium
1809,Electronics,716.19,Tablet,116.0,Pending,3736,639.41,West,Medium
1810,Books,2143.37,Novel,92.0,Pending,3110,1818.03,North,Low
1811,Books,271.88,Magazine,62.0,Cancelled,796,249.98,South,Medium
1812,Books,1480.49,Magazine,187.0,Completed,630,1450.97,South,Medium
1813,Furniture,315.68,Desk,143.0,Cancelled,4188,270.36,East,Low
1814,Books,1194.81,Textbook,262.0,Pending,4069,1066.19,East,High
1815,Books,314.25,Novel,16.0,Completed,1202,286.24,North,Low
1816,Electronics,1250.36,Laptop,168.0,Completed,3234,1243.71,South,Medium
1817,Groceries,1902.83,Rice,239.0,Cancelled,4132,1680.62,South,Medium
1818,Sports,1230.72,Gloves,280.0,Pending,4528,1169.52,North,High
1819,Books,965.24,Novel,236.0,Pending,3725,908.11,North,High
1820,Furniture,2212.90,Sofa,160.0,Pending,1201,2142.56,West,Medium
1821,Electronics,1653.60,Camera,244.0,Cancelled,3948,1454.26,South,Low
1822,Electronics,665.84,Tablet,146.0,Pending,2989,595.45,East,High
1823,Electronics,329.21,Phone,14.0,Cancelled,4883,306.73,East,Medium
1824,Electronics,869.41,Tablet,126.0,Pending,562,811.42,South,High
1825,Sports,1485.40,Helmet,59.0,Completed,2597,1256.6,East,High
1826,Electronics,103.07,Headphones,264.0,Pending,4753,91.09,West,Medium
1827,Electronics,1474.09,Camera,200.0,Pending,4772,1231.33,East,Low
1828,Electronics,259.14,Camera,258.0,Pending,4169,228.31,East,High
1829,Groceries,914.70,Sugar,275.0,Pending,717,841.34,South,Medium
1830,Clothing,750.33,Shirt,297.0,Completed,853,673.12,North,Low
1831,Clothing,177.50,Jacket,108.0,Pending,3598,152.99,East,High
1832,Sports,1266.55,Helmet,161.0,Cancelled,4523,1194.88,South,Medium
1833,Books,1566.16,Textbook,10.0,Cancelled,1579,1435.99,South,Low
1834,Books,1655.41,Novel,273.0,Pending,2294,1421.22,West,Low
1835,Sports,1310.45,Bat,78.0,Completed,2069,1221.46,East,Medium
1836,Books,2151.86,Textbook,212.0,Cancelled,1767,1820.17,East,Medium
1837,Sports,648.55,Ball,59.0,Pending,2053,578.94,South,High
1838,Electronics,1994.64,Keyboard,224.0,Pending,4686,1878.0,West,Low
1839,Electronics,406.80,Keyboard,282.0,Pending,2375,395.99,South,Low
1840,Electronics,1957.76,Camera,153.0,Completed,2671,1936.33,North,Medium
1841,Clothing,998.27,Shirt,58.0,Completed,2033,854.71,North,Low
1842,Sports,1246.16,Helmet,161.0,Cancelled,1101,1224.07,East,Low
1843,Sports,2016.55,Gloves,74.0,Pending,1885,1755.37,North,High
1844,Furniture,1104.29,Sofa,252.0,Cancelled,558,1050.84,East,Low
1845,Electronics,1368.91,Headphones,75.0,Completed,2375,1250.18,East,Medium
1846,Sports,2055.20,Helmet,28.0,Cancelled,385,2046.57,South,Medium
1847,Groceries,780.08,Milk,274.0,Pending,1099,654.6,South,Medium
1848,Books,2275.37,Novel,47.0,Pending,2564,2109.57,South,Medium
1849,Furniture,2290.57,Chair,18.0,Cancelled,3428,2033.77,East,High
1850,Books,1844.99,Textbook,,Pending,3560,1556.56,North,High
1851,Sports,1270.77,Helmet,168.0,Cancelled,4586,1187.22,West,Low
1852,Electronics,1607.02,Phone,2.0,Pending,1214,1550.06,West,High
1853,Sports,791.17,Helmet,265.0,Completed,2144,778.37,South,Low
1854,Sports,1983.68,Gloves,134.0,Pending,1193,1864.57,South,Low
1855,Groceries,2000.83,Sugar,94.0,Pending,3111,1924.37,West,Medium
1856,Groceries,61.63,Oil,46.0,Cancelled,1973,61.35,West,High
1857,Clothing,133.96,Jeans,77.0,Cancelled,2231,119.22,North,Medium
1858,Furniture,45.15,Table,61.0,Pending,4148,40.85,South,Low
1859,Furniture,2365.67,Chair,254.0,Pending,2458,2034.67,West,High
1860,Books,1504.21,Novel,215.0,Pending,1651,1254.51,South,Medium
1861,Furniture,732.58,Table,128.0,Cancelled,3794,696.13,East,Low
1862,Sports,223.49,Gloves,109.0,Pending,3356,204.33,West,Low
1863,Books,1497.02,Magazine,27.0,Cancelled,581,1475.46,East,High
1864,Books,2491.88,Textbook,3.0,Cancelled,472,2097.78,East,Low
1865,Groceries,763.24,Milk,287.0,Pending,1183,707.4,North,Low
1866,Furniture,432.97,Sofa,68.0,Pending,3934,394.12,North,Medium
1867,Sports,363.07,Gloves,256.0,Completed,1147,354.78,East,Low
1868,Clothing,714.48,Shoes,265.0,Cancelled,2260,607.87,East,Medium
1869,Furniture,1844.80,Sofa,226.0,Completed,4652,1679.76,North,High
1870,Furniture,582.35,Table,240.0,Pending,1439,578.2,West,High
1871,Books,1109.38,Novel,235.0,Cancelled,4074,926.21,West,High
1872,Sports,317.90,Ball,87.0,Pending,1579,312.06,East,Low
1873,Sports,1463.03,Ball,93.0,Cancelled,4775,1224.98,West,High
1874,Furniture,1695.50,Desk,63.0,Completed,2428,1439.95,West,Medium
1875,Groceries,2094.07,Rice,246.0,Completed,3870,2031.59,West,Low
1876,Clothing,830.27,Shirt,167.0,Cancelled,3811,823.05,South,High
1877,Electronics,814.70,Mouse,196.0,Completed,4582,805.75,North,Medium
1878,Clothing,607.80,Jeans,11.0,Pending,830,526.61,South,High
1879,Books,719.49,Textbook,62.0,Cancelled,1362,625.37,East,Medium
1880,Books,2017.82,Magazine,184.0,Cancelled,1175,1899.98,North,Medium
1881,Groceries,1229.16,Oil,289.0,Pending,2299,1044.24,West,High
1882,Books,1538.53,Textbook,21.0,Pending,861,1415.62,East,Medium
1883,Sports,1622.55,Ball,269.0,Pending,4419,1419.89,North,Medium
1884,Books,207.17,Textbook,66.0,Pending,1317,178.55,East,High
1885,Groceries,745.75,Milk,263.0,Completed,469,738.7,North,Low
1886,Books,245.27,Textbook,182.0,Cancelled,2175,216.64,East,Low
1887,Electronics,293.70,Phone,202.0,Completed,1592,259.38,North,High
1888,Books,751.14,Magazine,136.0,Pending,3785,672.2,East,High
1889,Furniture,204.77,Chair,223.0,Pending,971,171.15,North,High
1890,Books,43.13,Novel,250.0,Pending,3418,38.13,East,Low
1891,Groceries,1729.75,Sugar,155.0,Cancelled,3335,1450.37,North,High
1892,Furniture,485.10,Table,14.0,Cancelled,1641,417.04,South,Medium
1893,Sports,1627.85,Ball,98.0,Cancelled,4512,1497.34,North,Medium
1894,Books,1190.23,Novel,228.0,Completed,1348,1185.06,West,Medium
1895,Electronics,1467.21,Camera,27.0,Cancelled,3309,1410.42,East,High
1896,Electronics,2448.92,Tablet,284.0,Cancelled,4840,2093.59,East,High
1897,Books,1220.39,Textbook,119.0,Cancelled,4096,1091.38,North,Low
1898,Electronics,1445.24,Tablet,243.0,Pending,3517,1301.25,North,Medium
1899,Groceries,1126.33,Sugar,99.0,Completed,2459,1035.95,West,Medium
1900,Books,1274.01,Novel,,Cancelled,2878,1140.02,West,High
